[
    {
        "custname"    : "Pankaj",
        "email"       : "pankaj@gmail.com",
        "address"     : "Panchwati, Pune",
        "phonenumber" : "9890106071",
        "credit_limit": 2000
    },
    {
        "custname"    : "Akash",
        "email"       : "akash@gmail.com",
        "address"     : "Pashan, Pune",
        "phonenumber" : "7020007405",
        "credit_limit": 3000
    },
    {
        "custname"    : "dfd",
        "email"       : "dfd@gmail.com",
        "address"     : "Shivajinagar, Pune",
        "phonenumber" : "8456752147",
        "credit_limit": 1400
    }
    ,
    {
        "custname"    : "poiid",
        "email"       : "pioio@gmail.com",
        "address"     : "Katraj, Pune",
        "phonenumber" : "9874562147",
        "credit_limit": 5000
    },
    {
        "custname"    : "erer",
        "email"       : "ererw@gmail.com",
        "address"     : "Market Yard, Pune",
        "phonenumber" : "7899654785",
        "credit_limit": 3200
    }
]